#,–ò–ú–ï,–°–õ–ï–î–í–ê–¢–ï–õ–ò,ER,–î–™–†–ñ–ê–í–ê,–¢–ï–ú–ê –ù–ê –í–õ–ò–Ø–ù–ò–ï,–ü–û–¢–ï–ù–¶–ò–ê–õ–ù–û –ü–û–ö–†–ò–¢–ò–ï,–ó–ê–ü–ò–®–ò,–ü–û–ö–ê–ù–ò –ó–ê –ö–ê–ú–ü–ê–ù–ò–Ø
1,Unaaüçú @mieayamthebstt,14.4M,-,–ò–Ω–¥–æ–Ω–µ–∑–∏—è,–ò–≥—Ä–∏,4.3M,,–ü—Ä–µ–≥–ª–µ–¥ –Ω–∞ –ø—Ä–æ—Ñ–∏–ª
2,DamnBoy‚ö´Ô∏èüîì @razor.fathanah,13M,-,–ò–Ω–¥–æ–Ω–µ–∑–∏—è,–ó–∞–±–∞–≤–ª–µ–Ω–∏–µ –∏ –º—É–∑–∏–∫–∞ Careers,3.9M,,–ü—Ä–µ–≥–ª–µ–¥ –Ω–∞ –ø—Ä–æ—Ñ–∏–ª
3,VILMEI‚ú® @vilmeijuga,11.4M,0.2%,–ò–Ω–¥–æ–Ω–µ–∑–∏—è,–•—Ä–∞–Ω–∞,3.4M,,–ü—Ä–µ–≥–ª–µ–¥ –Ω–∞ –ø—Ä–æ—Ñ–∏–ª
4,Dewi perssik @dewiperssik_real,10M,-,–ò–Ω–¥–æ–Ω–µ–∑–∏—è,–ó–∞–±–∞–≤–ª–µ–Ω–∏–µ –∏ –º—É–∑–∏–∫–∞,3M,,–ü—Ä–µ–≥–ª–µ–¥ –Ω–∞ –ø—Ä–æ—Ñ–∏–ª
5,Trisha Zia @trishaaazia,9M,1.1%,–ò–Ω–¥–æ–Ω–µ–∑–∏—è,–ö—Ä–∞—Å–æ—Ç–∞ –∏ –≥—Ä–∏–∂–∞ –∑–∞ —Å–µ–±–µ —Å–∏,2.7M,,–ü—Ä–µ–≥–ª–µ–¥ –Ω–∞ –ø—Ä–æ—Ñ–∏–ª
6,Baim Wong @baimwong,8.2M,-,–ò–Ω–¥–æ–Ω–µ–∑–∏—è,–ê–∫—Ç—å–æ—Ä—Å—Ç–≤–æ –∏ –¥—Ä–∞–º–∞ –ó–∞–±–∞–≤–ª–µ–Ω–∏–µ –∏ –º—É–∑–∏–∫–∞,2.5M,,–ü—Ä–µ–≥–ª–µ–¥ –Ω–∞ –ø—Ä–æ—Ñ–∏–ª
7,EdW!!Nnü¶á @edw1n_98,8M,-,–ò–Ω–¥–æ–Ω–µ–∑–∏—è,–ó–∞–±–∞–≤–ª–µ–Ω–∏–µ –∏ –º—É–∑–∏–∫–∞,2.4M,,–ü—Ä–µ–≥–ª–µ–¥ –Ω–∞ –ø—Ä–æ—Ñ–∏–ª
8,Valenrewah @valenrewah,7.7M,-,–ò–Ω–¥–æ–Ω–µ–∑–∏—è,,2.3M,,–ü—Ä–µ–≥–ª–µ–¥ –Ω–∞ –ø—Ä–æ—Ñ–∏–ª
9,prilly latuconsina @prillylatuconsina15,7.2M,-,–ò–Ω–¥–æ–Ω–µ–∑–∏—è,–ó–∞–±–∞–≤–ª–µ–Ω–∏–µ –∏ –º—É–∑–∏–∫–∞,2.2M,,–ü—Ä–µ–≥–ª–µ–¥ –Ω–∞ –ø—Ä–æ—Ñ–∏–ª
10,Heiraks @heiraksyt,6.5M,-,–ò–Ω–¥–æ–Ω–µ–∑–∏—è,,2M,,–ü—Ä–µ–≥–ª–µ–¥ –Ω–∞ –ø—Ä–æ—Ñ–∏–ª
11,Vilia Carl @viliacarl,6.4M,2.1%,–ò–Ω–¥–æ–Ω–µ–∑–∏—è,,1.9M,,–ü—Ä–µ–≥–ª–µ–¥ –Ω–∞ –ø—Ä–æ—Ñ–∏–ª
12,BIGO: Riri.c @ririiii.26.on.ig,6.3M,-,–ò–Ω–¥–æ–Ω–µ–∑–∏—è,–ó–∞–±–∞–≤–ª–µ–Ω–∏–µ –∏ –º—É–∑–∏–∫–∞,1.9M,,–ü—Ä–µ–≥–ª–µ–¥ –Ω–∞ –ø—Ä–æ—Ñ–∏–ª
13,Follow ig : @ismindyh_ @tanteismi,5.9M,-,–ò–Ω–¥–æ–Ω–µ–∑–∏—è,,1.8M,,–ü—Ä–µ–≥–ª–µ–¥ –Ω–∞ –ø—Ä–æ—Ñ–∏–ª
14,Lazada Indonesia @lazadaid,5.6M,-,–ò–Ω–¥–æ–Ω–µ–∑–∏—è,,1.7M,,–ü—Ä–µ–≥–ª–µ–¥ –Ω–∞ –ø—Ä–æ—Ñ–∏–ª
15,Madam Sonia @madamsoniia,5.5M,0.9%,–ò–Ω–¥–æ–Ω–µ–∑–∏—è,–ö—Ä–∞—Å–æ—Ç–∞ –∏ –≥—Ä–∏–∂–∞ –∑–∞ —Å–µ–±–µ —Å–∏,1.7M,,–ü—Ä–µ–≥–ª–µ–¥ –Ω–∞ –ø—Ä–æ—Ñ–∏–ª
16,Jess No Limit @jessnolimit999,5.3M,0.1%,–ò–Ω–¥–æ–Ω–µ–∑–∏—è,,1.6M,,–ü—Ä–µ–≥–ª–µ–¥ –Ω–∞ –ø—Ä–æ—Ñ–∏–ª
17,fhia @alifhiaf,5.2M,-,–ò–Ω–¥–æ–Ω–µ–∑–∏—è,,1.6M,,–ü—Ä–µ–≥–ª–µ–¥ –Ω–∞ –ø—Ä–æ—Ñ–∏–ª
18,Syahnaz Sadiqah @syahnazsadiqah,5.1M,-,–ò–Ω–¥–æ–Ω–µ–∑–∏—è,,1.5M,,–ü—Ä–µ–≥–ª–µ–¥ –Ω–∞ –ø—Ä–æ—Ñ–∏–ª
19,Jervan Jervan @jervanjervan,5M,-,–ò–Ω–¥–æ–Ω–µ–∑–∏—è,–ó–∞–±–∞–≤–ª–µ–Ω–∏–µ –∏ –º—É–∑–∏–∫–∞,1.5M,,–ü—Ä–µ–≥–ª–µ–¥ –Ω–∞ –ø—Ä–æ—Ñ–∏–ª
20,RADAR SUMEDANG @radarsumedang,5M,-,–ò–Ω–¥–æ–Ω–µ–∑–∏—è,–ó–∞–±–∞–≤–ª–µ–Ω–∏–µ –∏ –º—É–∑–∏–∫–∞,1.5M,,–ü—Ä–µ–≥–ª–µ–¥ –Ω–∞ –ø—Ä–æ—Ñ–∏–ª
21,Vinny Laurencia @kulinersamacici,4.7M,-,–ò–Ω–¥–æ–Ω–µ–∑–∏—è,,1.4M,,–ü—Ä–µ–≥–ª–µ–¥ –Ω–∞ –ø—Ä–æ—Ñ–∏–ª
22,The Real Ninja ‚öîÔ∏è @dedebin,4.6M,-,–ò–Ω–¥–æ–Ω–µ–∑–∏—è,,1.4M,,–ü—Ä–µ–≥–ª–µ–¥ –Ω–∞ –ø—Ä–æ—Ñ–∏–ª
23,Feby @frnzlynfby,4.6M,4.8%,–ò–Ω–¥–æ–Ω–µ–∑–∏—è,–ó–∞–±–∞–≤–Ω–æ,1.4M,,–ü—Ä–µ–≥–ª–µ–¥ –Ω–∞ –ø—Ä–æ—Ñ–∏–ª
24,Happy Asmara @happyasmara,4.5M,-,–ò–Ω–¥–æ–Ω–µ–∑–∏—è,–ó–∞–±–∞–≤–ª–µ–Ω–∏–µ –∏ –º—É–∑–∏–∫–∞,1.4M,,–ü—Ä–µ–≥–ª–µ–¥ –Ω–∞ –ø—Ä–æ—Ñ–∏–ª
25,Dokter Gigi Tri Putra @doktergigi_,4.4M,-,–ò–Ω–¥–æ–Ω–µ–∑–∏—è,,1.3M,,–ü—Ä–µ–≥–ª–µ–¥ –Ω–∞ –ø—Ä–æ—Ñ–∏–ª
26,RISQI @risqii_af,4.2M,-,–ò–Ω–¥–æ–Ω–µ–∑–∏—è,,1.3M,,–ü—Ä–µ–≥–ª–µ–¥ –Ω–∞ –ø—Ä–æ—Ñ–∏–ª
27,PutraChanKasela @putrachankasela_,4.1M,-,–ò–Ω–¥–æ–Ω–µ–∑–∏—è,,1.2M,,–ü—Ä–µ–≥–ª–µ–¥ –Ω–∞ –ø—Ä–æ—Ñ–∏–ª
28,Reza Gladys Prettyani Sari @rezagladys,4M,-,–ò–Ω–¥–æ–Ω–µ–∑–∏—è,,1.2M,,–ü—Ä–µ–≥–ª–µ–¥ –Ω–∞ –ø—Ä–æ—Ñ–∏–ª
29,Irene Suwandi @ireneswnd,4M,0.1%,–ò–Ω–¥–æ–Ω–µ–∑–∏—è,,1.2M,,–ü—Ä–µ–≥–ª–µ–¥ –Ω–∞ –ø—Ä–æ—Ñ–∏–ª
30,Bella Tobing‚ú® @bellzky16,3.9M,-,–ò–Ω–¥–æ–Ω–µ–∑–∏—è,–ó–∞–±–∞–≤–ª–µ–Ω–∏–µ –∏ –º—É–∑–∏–∫–∞,1.2M,,–ü—Ä–µ–≥–ª–µ–¥ –Ω–∞ –ø—Ä–æ—Ñ–∏–ª
31,EVOS RAMBO @ramboeiei,3.7M,0.1%,–ò–Ω–¥–æ–Ω–µ–∑–∏—è,–ò–≥—Ä–∏,1.1M,,–ü—Ä–µ–≥–ª–µ–¥ –Ω–∞ –ø—Ä–æ—Ñ–∏–ª
32,dr. Kevin Mak @drkevinmak,3.7M,-,–ò–Ω–¥–æ–Ω–µ–∑–∏—è,,1.1M,,–ü—Ä–µ–≥–ª–µ–¥ –Ω–∞ –ø—Ä–æ—Ñ–∏–ª
33,Nino @ninnocupaw290,3.6M,-,–ò–Ω–¥–æ–Ω–µ–∑–∏—è,,1.1M,,–ü—Ä–µ–≥–ª–µ–¥ –Ω–∞ –ø—Ä–æ—Ñ–∏–ª
34,Haymin080 @hayminofficial,3.6M,-,–ò–Ω–¥–æ–Ω–µ–∑–∏—è,–ê–≤—Ç–æ–º–æ–±–∏–ª–∏ –∏ –ø—Ä–µ–≤–æ–∑–Ω–∏ —Å—Ä–µ–¥—Å—Ç–≤–∞,1.1M,,–ü—Ä–µ–≥–ª–µ–¥ –Ω–∞ –ø—Ä–æ—Ñ–∏–ª
35,Oktaviey @oktavieyy,3.4M,-,–ò–Ω–¥–æ–Ω–µ–∑–∏—è,–ó–∞–±–∞–≤–ª–µ–Ω–∏–µ –∏ –º—É–∑–∏–∫–∞,1M,,–ü—Ä–µ–≥–ª–µ–¥ –Ω–∞ –ø—Ä–æ—Ñ–∏–ª
36,SHELLA SAUKIA @shellasaukia,3M,-,–ò–Ω–¥–æ–Ω–µ–∑–∏—è,–ú–æ–¥–∞ –∏ –∞–∫—Å–µ—Å–æ–∞—Ä–∏,900K,,–ü—Ä–µ–≥–ª–µ–¥ –Ω–∞ –ø—Ä–æ—Ñ–∏–ª
37,Nathaniel Rivan @niellzss,3M,0.1%,–ò–Ω–¥–æ–Ω–µ–∑–∏—è,–û–±—Ä–∞–∑–æ–≤–∞–Ω–∏–µ,900K,,–ü—Ä–µ–≥–ª–µ–¥ –Ω–∞ –ø—Ä–æ—Ñ–∏–ª
38,s a s k e hüïä @saskeh.series,2.9M,-,–ò–Ω–¥–æ–Ω–µ–∑–∏—è,,870K,,–ü—Ä–µ–≥–ª–µ–¥ –Ω–∞ –ø—Ä–æ—Ñ–∏–ª
39,rully @rullysarjana,2.8M,-,–ò–Ω–¥–æ–Ω–µ–∑–∏—è,,840K,,–ü—Ä–µ–≥–ª–µ–¥ –Ω–∞ –ø—Ä–æ—Ñ–∏–ª
40,Instagram : @Fauzan_Nasrul @fauzannasrull,2.8M,-,–ò–Ω–¥–æ–Ω–µ–∑–∏—è,–ü—Ä–æ–¥—É–∫—Ç–æ–≤–∏ –ø—Ä–µ–¥—Å—Ç–∞–≤—è–Ω–∏—è,840K,,–ü—Ä–µ–≥–ª–µ–¥ –Ω–∞ –ø—Ä–æ—Ñ–∏–ª
41,ERA.ID @eradotid,2.6M,-,–ò–Ω–¥–æ–Ω–µ–∑–∏—è,–û–±—Ä–∞–∑–æ–≤–∞–Ω–∏–µ,780K,,–ü—Ä–µ–≥–ª–µ–¥ –Ω–∞ –ø—Ä–æ—Ñ–∏–ª
42,Janes_csüáÆüá© @janes_cs,2.6M,-,–ò–Ω–¥–æ–Ω–µ–∑–∏—è,,780K,,–ü—Ä–µ–≥–ª–µ–¥ –Ω–∞ –ø—Ä–æ—Ñ–∏–ª
43,BNW Esports @bnwesports,2.6M,-,–ò–Ω–¥–æ–Ω–µ–∑–∏—è,,780K,,–ü—Ä–µ–≥–ª–µ–¥ –Ω–∞ –ø—Ä–æ—Ñ–∏–ª
44,Ndaru Suci Kusuma @ndarusucii,2.4M,-,–ò–Ω–¥–æ–Ω–µ–∑–∏—è,,720K,,–ü—Ä–µ–≥–ª–µ–¥ –Ω–∞ –ø—Ä–æ—Ñ–∏–ª
45,KD„ÉªDaengÂèã @panggilsajadaeng,2.4M,-,–ò–Ω–¥–æ–Ω–µ–∑–∏—è,–ó–∞–±–∞–≤–ª–µ–Ω–∏–µ –∏ –º—É–∑–∏–∫–∞,720K,,–ü—Ä–µ–≥–ª–µ–¥ –Ω–∞ –ø—Ä–æ—Ñ–∏–ª
46,Pocong Gaolzzzzüëª @pocongbarbar,2.4M,-,–ò–Ω–¥–æ–Ω–µ–∑–∏—è,–ó–∞–±–∞–≤–ª–µ–Ω–∏–µ –∏ –º—É–∑–∏–∫–∞,720K,,–ü—Ä–µ–≥–ª–µ–¥ –Ω–∞ –ø—Ä–æ—Ñ–∏–ª
47,Francis Karel @franciskarelofficial,2.3M,-,–ò–Ω–¥–æ–Ω–µ–∑–∏—è,,690K,,–ü—Ä–µ–≥–ª–µ–¥ –Ω–∞ –ø—Ä–æ—Ñ–∏–ª
48,Baldtwinsüë®üèª‚Äçü¶≤ @baldtwins,2.3M,-,–ò–Ω–¥–æ–Ω–µ–∑–∏—è,,690K,,–ü—Ä–µ–≥–ª–µ–¥ –Ω–∞ –ø—Ä–æ—Ñ–∏–ª
49,Qonitcah | Edukasi Kesehatan @qonitcah,2.3M,0.3%,–ò–Ω–¥–æ–Ω–µ–∑–∏—è,–û–±—Ä–∞–∑–æ–≤–∞–Ω–∏–µ –§–∏—Ç–Ω–µ—Å –∏ –∑–¥—Ä–∞–≤–µ,690K,,–ü—Ä–µ–≥–ª–µ–¥ –Ω–∞ –ø—Ä–æ—Ñ–∏–ª
50,TRIBUN LAMPUNG @tribunlampung,2.2M,-,–ò–Ω–¥–æ–Ω–µ–∑–∏—è,–ó–∞–±–∞–≤–ª–µ–Ω–∏–µ –∏ –º—É–∑–∏–∫–∞,660K,,–ü—Ä–µ–≥–ª–µ–¥ –Ω–∞ –ø—Ä–æ—Ñ–∏–ª
51,Focallure Indonesia @focallure.beauty,2.1M,-,–ò–Ω–¥–æ–Ω–µ–∑–∏—è,–ö—Ä–∞—Å–æ—Ç–∞ –∏ –≥—Ä–∏–∂–∞ –∑–∞ —Å–µ–±–µ —Å–∏,630K,,–ü—Ä–µ–≥–ª–µ–¥ –Ω–∞ –ø—Ä–æ—Ñ–∏–ª
52,SATRIAü§ó‚ú® @bangsatria_98,2.1M,-,–ò–Ω–¥–æ–Ω–µ–∑–∏—è,,630K,,–ü—Ä–µ–≥–ª–µ–¥ –Ω–∞ –ø—Ä–æ—Ñ–∏–ª
53,Reizuka Ari @dictionarei,2.1M,-,–ò–Ω–¥–æ–Ω–µ–∑–∏—è,,630K,,–ü—Ä–µ–≥–ª–µ–¥ –Ω–∞ –ø—Ä–æ—Ñ–∏–ª
54,BagasCraft.ID @bagascraft.asli,2.1M,-,–ò–Ω–¥–æ–Ω–µ–∑–∏—è,–ê–Ω–∏–º–∞—Ü–∏—è –∏ –∫–æ—Å–ø–ª–µ–π,630K,,–ü—Ä–µ–≥–ª–µ–¥ –Ω–∞ –ø—Ä–æ—Ñ–∏–ª
55,KompasTV News @kompastvnews,2.1M,-,–ò–Ω–¥–æ–Ω–µ–∑–∏—è,–ó–∞–±–∞–≤–ª–µ–Ω–∏–µ –∏ –º—É–∑–∏–∫–∞ –ù–æ–≤–∏–Ω–∏,630K,,–ü—Ä–µ–≥–ª–µ–¥ –Ω–∞ –ø—Ä–æ—Ñ–∏–ª
56,Kompas.com @kompascom,2M,-,–ò–Ω–¥–æ–Ω–µ–∑–∏—è,–ù–æ–≤–∏–Ω–∏,600K,,–ü—Ä–µ–≥–ª–µ–¥ –Ω–∞ –ø—Ä–æ—Ñ–∏–ª
57,Muksin‚ÄÇAlatas @muksinalatas015,2M,0.2%,–ò–Ω–¥–æ–Ω–µ–∑–∏—è,,600K,,–ü—Ä–µ–≥–ª–µ–¥ –Ω–∞ –ø—Ä–æ—Ñ–∏–ª
58,ùêïùê¢ùê¨ùê°ùêßùêÆ ùê¢ùê¨ùê•ùêûùê¨ @vishnu27,2M,-,–ò–Ω–¥–æ–Ω–µ–∑–∏—è,–ó–∞–±–∞–≤–ª–µ–Ω–∏–µ –∏ –º—É–∑–∏–∫–∞,600K,,–ü—Ä–µ–≥–ª–µ–¥ –Ω–∞ –ø—Ä–æ—Ñ–∏–ª
59,Marshel Widianto @marshelwidianto,1.9M,-,–ò–Ω–¥–æ–Ω–µ–∑–∏—è,,570K,,–ü—Ä–µ–≥–ª–µ–¥ –Ω–∞ –ø—Ä–æ—Ñ–∏–ª
60,Zaskiasungkar Irwansyah @zaskirwan15,1.9M,-,–ò–Ω–¥–æ–Ω–µ–∑–∏—è,,570K,,–ü—Ä–µ–≥–ª–µ–¥ –Ω–∞ –ø—Ä–æ—Ñ–∏–ª
61,Greysia Polii @greysiapolii,1.9M,-,–ò–Ω–¥–æ–Ω–µ–∑–∏—è,–°–ø–æ—Ä—Ç,570K,,–ü—Ä–µ–≥–ª–µ–¥ –Ω–∞ –ø—Ä–æ—Ñ–∏–ª
62,mbak ninidüê• @mbakninid,1.9M,-,–ò–Ω–¥–æ–Ω–µ–∑–∏—è,,570K,,–ü—Ä–µ–≥–ª–µ–¥ –Ω–∞ –ø—Ä–æ—Ñ–∏–ª
63,Chocopie @pooliinaa_09,1.8M,0.1%,–ò–Ω–¥–æ–Ω–µ–∑–∏—è,,540K,,–ü—Ä–µ–≥–ª–µ–¥ –Ω–∞ –ø—Ä–æ—Ñ–∏–ª
64,Lestari Tensi @lestaritensi,1.8M,-,–ò–Ω–¥–æ–Ω–µ–∑–∏—è,,540K,,–ü—Ä–µ–≥–ª–µ–¥ –Ω–∞ –ø—Ä–æ—Ñ–∏–ª
65,Melki Balipa Emil @melkibajaj,1.8M,6%,–ò–Ω–¥–æ–Ω–µ–∑–∏—è,–û–±—Ä–∞–∑–æ–≤–∞–Ω–∏–µ –ü–æ–≤–∏—à–∞–≤–∞–Ω–µ –Ω–∞ –∫–≤–∞–ª–∏—Ñ–∏–∫–∞—Ü–∏—è—Ç–∞,540K,,–ü—Ä–µ–≥–ª–µ–¥ –Ω–∞ –ø—Ä–æ—Ñ–∏–ª
66,Iya SiaGianüáÆüá© @iya_siagian27,1.8M,-,–ò–Ω–¥–æ–Ω–µ–∑–∏—è,,540K,,–ü—Ä–µ–≥–ª–µ–¥ –Ω–∞ –ø—Ä–æ—Ñ–∏–ª
67,tribuntimurdotcom @tribuntimur.com,1.8M,-,–ò–Ω–¥–æ–Ω–µ–∑–∏—è,,540K,,–ü—Ä–µ–≥–ª–µ–¥ –Ω–∞ –ø—Ä–æ—Ñ–∏–ª
68,IGGY DZU @iggydzu,1.8M,0.1%,–ò–Ω–¥–æ–Ω–µ–∑–∏—è,,540K,,–ü—Ä–µ–≥–ª–µ–¥ –Ω–∞ –ø—Ä–æ—Ñ–∏–ª
69,ivanachindy @panao_25,1.8M,1.6%,–ò–Ω–¥–æ–Ω–µ–∑–∏—è,,540K,,–ü—Ä–µ–≥–ª–µ–¥ –Ω–∞ –ø—Ä–æ—Ñ–∏–ª
70,Dusun Semilir @dusunsemilir,1.8M,-,–ò–Ω–¥–æ–Ω–µ–∑–∏—è,–ü—ä—Ç—É–≤–∞–Ω–∏—è,540K,,–ü—Ä–µ–≥–ª–µ–¥ –Ω–∞ –ø—Ä–æ—Ñ–∏–ª
71,Laurence Benson @laurence_benson,1.7M,-,–ò–Ω–¥–æ–Ω–µ–∑–∏—è,–ë–∏–∑–Ω–µ—Å –∏ —Ñ–∏–Ω–∞–Ω—Å–∏ –•—Ä–∞–Ω–∏ –∏ –Ω–∞–ø–∏—Ç–∫–∏,510K,,–ü—Ä–µ–≥–ª–µ–¥ –Ω–∞ –ø—Ä–æ—Ñ–∏–ª
72,Bora üá∞üá∑üáÆüá© @borassaem,1.7M,-,–ò–Ω–¥–æ–Ω–µ–∑–∏—è,–û–±—Ä–∞–∑–æ–≤–∞–Ω–∏–µ –ë–∏–∑–Ω–µ—Å –∏ —Ñ–∏–Ω–∞–Ω—Å–∏,510K,,–ü—Ä–µ–≥–ª–µ–¥ –Ω–∞ –ø—Ä–æ—Ñ–∏–ª
73,CBID @cewekbanget.id,1.7M,-,–ò–Ω–¥–æ–Ω–µ–∑–∏—è,,510K,,–ü—Ä–µ–≥–ª–µ–¥ –Ω–∞ –ø—Ä–æ—Ñ–∏–ª
74,Parisa @farisasusandi,1.7M,-,–ò–Ω–¥–æ–Ω–µ–∑–∏—è,,510K,,–ü—Ä–µ–≥–ª–µ–¥ –Ω–∞ –ø—Ä–æ—Ñ–∏–ª
75,TSG‚≠êÔ∏èDEWA INDRAüëë @dewaindra88,1.6M,-,–ò–Ω–¥–æ–Ω–µ–∑–∏—è,,480K,,–ü—Ä–µ–≥–ª–µ–¥ –Ω–∞ –ø—Ä–æ—Ñ–∏–ª
76,Naing Linüíò @nainglin257,1.6M,-,–ò–Ω–¥–æ–Ω–µ–∑–∏—è,,480K,,–ü—Ä–µ–≥–ª–µ–¥ –Ω–∞ –ø—Ä–æ—Ñ–∏–ª
77,Ziva Magnolya @szivsz,1.6M,0.2%,–ò–Ω–¥–æ–Ω–µ–∑–∏—è,–ó–∞–±–∞–≤–ª–µ–Ω–∏–µ –∏ –º—É–∑–∏–∫–∞,480K,,–ü—Ä–µ–≥–ª–µ–¥ –Ω–∞ –ø—Ä–æ—Ñ–∏–ª
78,"inisial ""L"" @jejak_presiden",1.6M,0.5%,–ò–Ω–¥–æ–Ω–µ–∑–∏—è,–ó–∞–±–∞–≤–ª–µ–Ω–∏–µ –∏ –º—É–∑–∏–∫–∞,480K,,–ü—Ä–µ–≥–ª–µ–¥ –Ω–∞ –ø—Ä–æ—Ñ–∏–ª
79,INDOZONE @indozone.id,1.6M,-,–ò–Ω–¥–æ–Ω–µ–∑–∏—è,–ó–∞–±–∞–≤–ª–µ–Ω–∏–µ –∏ –º—É–∑–∏–∫–∞ –û–±—Ä–∞–∑–æ–≤–∞–Ω–∏–µ,480K,,–ü—Ä–µ–≥–ª–µ–¥ –Ω–∞ –ø—Ä–æ—Ñ–∏–ª
80,Popbela @popbela_com,1.6M,-,–ò–Ω–¥–æ–Ω–µ–∑–∏—è,,480K,,–ü—Ä–µ–≥–ª–µ–¥ –Ω–∞ –ø—Ä–æ—Ñ–∏–ª
81,Dila_JM @dila_jm,1.6M,0.1%,–ò–Ω–¥–æ–Ω–µ–∑–∏—è,–ó–∞–±–∞–≤–ª–µ–Ω–∏–µ –∏ –º—É–∑–∏–∫–∞,480K,,–ü—Ä–µ–≥–ª–µ–¥ –Ω–∞ –ø—Ä–æ—Ñ–∏–ª
82,üåÄistri_idamanüåÄ @rika25041997,1.6M,-,–ò–Ω–¥–æ–Ω–µ–∑–∏—è,,480K,,–ü—Ä–µ–≥–ª–µ–¥ –Ω–∞ –ø—Ä–æ—Ñ–∏–ª
83,Diera nathania @dieranathania,1.5M,-,–ò–Ω–¥–æ–Ω–µ–∑–∏—è,,450K,,–ü—Ä–µ–≥–ª–µ–¥ –Ω–∞ –ø—Ä–æ—Ñ–∏–ª
84,Titi Kamal @titi_kamall,1.5M,-,–ò–Ω–¥–æ–Ω–µ–∑–∏—è,–ê–∫—Ç—å–æ—Ä—Å—Ç–≤–æ –∏ –¥—Ä–∞–º–∞ –ó–Ω–∞–º–µ–Ω–∏—Ç–æ—Å—Ç,450K,,–ü—Ä–µ–≥–ª–µ–¥ –Ω–∞ –ø—Ä–æ—Ñ–∏–ª
85,Ryann_ @ryan_ramadhan99,1.5M,-,–ò–Ω–¥–æ–Ω–µ–∑–∏—è,,450K,,–ü—Ä–µ–≥–ª–µ–¥ –Ω–∞ –ø—Ä–æ—Ñ–∏–ª
86,DADANN @dadansapta_irwn,1.4M,0.6%,–ò–Ω–¥–æ–Ω–µ–∑–∏—è,,420K,,–ü—Ä–µ–≥–ª–µ–¥ –Ω–∞ –ø—Ä–æ—Ñ–∏–ª
87,Karang Gigi Ketapang üîò @karanggigiketapang,1.4M,-,–ò–Ω–¥–æ–Ω–µ–∑–∏—è,,420K,,–ü—Ä–µ–≥–ª–µ–¥ –Ω–∞ –ø—Ä–æ—Ñ–∏–ª
88,Ulvi Safitri @ulfysss_,1.4M,-,–ò–Ω–¥–æ–Ω–µ–∑–∏—è,,420K,,–ü—Ä–µ–≥–ª–µ–¥ –Ω–∞ –ø—Ä–æ—Ñ–∏–ª
89,Megassilvie üßö‚Äç‚ôÄÔ∏è @megassilvie,1.4M,-,–ò–Ω–¥–æ–Ω–µ–∑–∏—è,–ü—ä—Ç—É–≤–∞–Ω–∏—è,420K,,–ü—Ä–µ–≥–ª–µ–¥ –Ω–∞ –ø—Ä–æ—Ñ–∏–ª
90,Vaaüåª @elvaeldanica,1.4M,-,–ò–Ω–¥–æ–Ω–µ–∑–∏—è,,420K,,–ü—Ä–µ–≥–ª–µ–¥ –Ω–∞ –ø—Ä–æ—Ñ–∏–ª
91,TikTok Treats Indonesia @treats_id,1.4M,-,–ò–Ω–¥–æ–Ω–µ–∑–∏—è,,420K,,View Profile
92,Ika purpitasari @ika_1id,1.4M,-,Indonesia,family,420K,,View Profile
93,William Lomban @williamlomban,1.3M,-,Indonesia,Food,390K,,View Profile
94,Hilda @hildaxkeiko,1.3M,-,Indonesia,,390K,,View Profile
95,Antonio Evan @antonioevan_,1.3M,-,Indonesia,Entertainment and Music,390K,,View Profile
96,Andra Mahendra @anddra_mahendra,1.3M,-,Indonesia,Education Upskilling Business and Finance,390K,,View Profile
97,Chris Andrian Yang @chrisandrian,1.3M,-,Indonesia,,390K,,View Profile
98,bliblidotcom @bliblidotcom,1.3M,-,Indonesia,,390K,,View Profile
99,Asakecil ü¶Ñ @asakecil,1.3M,-,Indonesia,Beauty and Self Care Pets,390K,,View Profile
100,MELINDA CHIA @melinda.chia,1.3M,-,Indonesia,,390K,,View Profile
